rsid,effect_exp,other_exp,beta_exp,se_exp,p_exp,eaf_exp,N_exp,effect_out,other_out,beta_out,se_out,p_out,id_out,N_out
rs10063744,G,C,0.0322865,0.0048862,2.90001e-11,0.284046,279470,C,G,-5.00E-04,0.0167,0.9781,depr,40324
rs10090153,G,A,0.0325043,0.00448719,3.19963e-13,0.602021,279470,A,G,0.0162,0.0173,0.3483,depr,34564
rs10136330,T,C,-0.0782757,0.0113045,5.30029e-12,0.039616,279470,T,C,-0.024,0.0405,0.5532,depr,40667
rs10150677,G,C,-0.0336033,0.00475208,2.19989e-13,0.688574,279470,C,G,-0.0069,0.0166,0.6774,depr,40383
rs10401175,A,C,0.0261688,0.00441665,4.90004e-09,0.53811,279470,A,C,0.0133,0.0245,0.5861,depr,16072
rs10519445,A,G,-0.0258104,0.00443325,2.69998e-08,0.536668,279470,A,G,-0.0063,0.0169,0.7093,depr,34482
rs107068,G,A,0.0319594,0.00441338,7.19946e-13,0.466865,279470,A,G,0.0031,0.0154,0.8386,depr,40400
rs10740399,G,A,-0.0271414,0.00466905,1.5e-08,0.329705,279470,A,G,0.0114,0.0289,0.693,depr,12224
rs11165924,G,A,-0.0272857,0.00467311,1.7e-09,0.332279,279470,A,G,-0.0037,0.02,0.8548,depr,28657
rs112036939,T,A,0.0734861,0.0127068,3.29997e-09,0.030869,279470,A,T,0.0414,0.0532,0.4364,depr,39232
rs11218864,C,T,0.0387115,0.00630035,5.99998e-10,0.141224,279470,T,C,0.0179,0.024,0.456,depr,34224
rs112335739,T,C,0.0453708,0.00713218,1.7e-10,0.105795,279470,T,C,0.0367,0.0361,0.3093,depr,19473
rs114285994,A,G,0.0549832,0.0063661,3.69999e-19,0.138921,279470,A,G,0.0059,0.0234,0.8011,depr,38659
rs11556924,T,C,0.0270396,0.00450789,2.39999e-09,0.389006,279470,T,C,-0.0095,0.0188,0.6151,depr,28723
rs11605776,A,C,-0.0558708,0.00484852,1.50003e-31,0.711521,279470,A,C,0.0365,0.0268,0.1728,depr,15798
rs116250833,G,A,0.0340575,0.00647905,3.59998e-08,0.134569,279470,A,G,0.0156,0.0252,0.5366,depr,34713
rs116343494,T,C,-0.0692867,0.01326,4.09996e-08,0.028454,279470,T,C,0.0157,0.0484,0.7451,depr,39491
rs11642015,T,C,-0.0717752,0.00448419,1.10002e-57,0.401518,279470,T,C,0.0146,0.0158,0.3546,depr,40129
rs1167792,C,G,-0.0300397,0.00442968,1.59993e-11,0.559687,279470,C,G,0.0263,0.0166,0.1145,depr,36117
rs1172955,A,T,-0.0579605,0.00484617,3.10027e-33,0.710292,279470,A,T,-0.0133,0.0302,0.6602,depr,12755
rs11738611,A,C,0.0316112,0.00535252,1.89998e-09,0.212984,279470,A,C,-0.0123,0.0185,0.5068,depr,40762
rs11823251,G,C,0.0281484,0.00499776,1.2e-08,0.262735,279470,C,G,0.0064,0.0174,0.7117,depr,40361
rs11893331,G,A,0.0740641,0.00583166,3.59998e-38,0.169571,279470,A,G,0.0036,0.0215,0.8668,depr,37607
rs12019957,C,T,-0.0330804,0.00576205,5.99998e-09,0.179376,279470,T,C,0.0235,0.029,0.417,depr,17991
rs12040029,T,C,-0.0427042,0.00698534,3.29997e-09,0.122546,279470,T,C,-0.0127,0.0388,0.7444,depr,14341
rs1207792,G,C,-0.0366553,0.00689445,2.5e-08,0.886205,279470,C,G,-0.0716,0.0463,0.1215,depr,10236
rs12167144,C,A,-0.0336445,0.0048787,7.89951e-12,0.285377,279470,A,C,-0.0069,0.0178,0.6974,depr,31797
rs12550650,T,C,0.0405256,0.00442664,8.99912e-21,0.451967,279470,T,C,-0.03,0.0267,0.2612,depr,13381
rs12592315,G,A,-0.0321001,0.0044408,7.50067e-14,0.545622,279470,A,G,0.0105,0.0157,0.5038,depr,32557
rs12603280,A,G,-0.0359176,0.00515458,4.30031e-13,0.245553,279470,A,G,0.004,0.0257,0.8751,depr,19111
rs12656569,C,A,-0.0307236,0.00545971,3.40001e-08,0.797175,279470,A,C,-0.0371,0.0186,0.04617,depr,33691
rs12926791,G,C,0.0565717,0.00446986,1.69981e-37,0.416953,279470,C,G,0.0171,0.0156,0.2719,depr,33630
rs12933772,G,C,-0.0267822,0.00474606,7.00003e-09,0.315268,279470,C,G,-0.0182,0.0168,0.2794,depr,34031
rs13179411,T,G,0.074859,0.00613024,7.50067e-35,0.151615,279470,T,G,0.0099,0.0236,0.674,depr,27302
rs1327942,A,T,-0.0256756,0.0044775,1e-08,0.432485,279470,A,T,-0.0045,0.0175,0.7948,depr,26316
rs1360201,T,C,-0.025138,0.00438572,2.69998e-09,0.481825,279470,T,C,-0.0069,0.0154,0.6536,depr,33926